Timestamp,Date,Open,High,Low,Close,Volume,MA_High,MA_Volume,P_Anomaly,V_Anomaly
1611450000000,2021-01-24 02:00:00,0.00001305,0.00001345,0.00001300,0.00001307,61103.00000000,1.345e-05,61103.0,False,False
1611453600000,2021-01-24 03:00:00,0.00001312,0.00001326,0.00001310,0.00001310,43347.00000000,1.3355e-05,52225.0,False,False
1611457200000,2021-01-24 04:00:00,0.00001309,0.00001316,0.00001301,0.00001301,16006.00000000,1.3289999999999998e-05,40152.0,False,False
1611460800000,2021-01-24 05:00:00,0.00001301,0.00001311,0.00001296,0.00001296,30996.00000000,1.3245e-05,37863.0,False,False
1611464400000,2021-01-24 06:00:00,0.00001296,0.00001300,0.00001285,0.00001293,20065.00000000,1.3196e-05,34303.4,False,False
1611468000000,2021-01-24 07:00:00,0.00001291,0.00001295,0.00001285,0.00001287,14748.00000000,1.3155e-05,31044.166666666668,False,False
1611471600000,2021-01-24 08:00:00,0.00001287,0.00001312,0.00001284,0.00001307,102350.00000000,1.315e-05,41230.71428571428,False,False
1611475200000,2021-01-24 09:00:00,0.00001306,0.00001310,0.00001300,0.00001302,59584.00000000,1.3143750000000001e-05,43524.875,False,False
1611478800000,2021-01-24 10:00:00,0.00001306,0.00001343,0.00001301,0.00001333,71808.00000000,1.3175555555555556e-05,46667.444444444445,False,False
1611482400000,2021-01-24 11:00:00,0.00001326,0.00001350,0.00001324,0.00001335,119847.00000000,1.3208e-05,53985.4,False,False
1611486000000,2021-01-24 12:00:00,0.00001335,0.00001343,0.00001321,0.00001321,141625.00000000,1.3228181818181819e-05,61952.63636363636,False,False
1611489600000,2021-01-24 13:00:00,0.00001321,0.00001359,0.00001307,0.00001320,87865.00000000,1.3258333333333335e-05,64112.0,False,False
1611493200000,2021-01-24 14:00:00,0.00001320,0.00001323,0.00001313,0.00001323,19109.00000000,1.3240000000000002e-05,60612.5,False,False
1611496800000,2021-01-24 15:00:00,0.00001323,0.00001324,0.00001314,0.00001319,9250.00000000,1.3238333333333333e-05,57771.083333333336,False,False
1611500400000,2021-01-24 16:00:00,0.00001319,0.00001319,0.00001304,0.00001306,46729.00000000,1.3240833333333332e-05,60331.333333333336,False,False
1611504000000,2021-01-24 17:00:00,0.00001305,0.00001314,0.00001296,0.00001303,233572.00000000,1.3243333333333334e-05,77212.66666666667,False,False
1611507600000,2021-01-24 18:00:00,0.00001303,0.00001329,0.00001300,0.00001329,50217.00000000,1.32675e-05,79725.33333333333,False,False
1611511200000,2021-01-24 19:00:00,0.00001330,0.00001348,0.00001327,0.00001333,38751.00000000,1.3311666666666668e-05,81725.58333333333,False,False
1611514800000,2021-01-24 20:00:00,0.00001333,0.00001348,0.00001329,0.00001330,34292.00000000,1.3341666666666666e-05,76054.08333333333,False,False
1611518400000,2021-01-24 21:00:00,0.00001334,0.00001338,0.00001324,0.00001326,17554.00000000,1.3365e-05,72551.58333333333,False,False
1611522000000,2021-01-24 22:00:00,0.00001327,0.00001334,0.00001320,0.00001323,22425.00000000,1.3357500000000002e-05,68436.33333333333,False,False
1611525600000,2021-01-24 23:00:00,0.00001323,0.00001375,0.00001320,0.00001367,178979.00000000,1.3378333333333335e-05,73364.0,False,False
1611529200000,2021-01-25 00:00:00,0.00001366,0.00001387,0.00001327,0.00001340,233643.00000000,1.3415e-05,81032.16666666667,False,False
1611532800000,2021-01-25 01:00:00,0.00001344,0.00001347,0.00001276,0.00001294,322125.00000000,1.3405e-05,100553.83333333333,False,False
1611536400000,2021-01-25 02:00:00,0.00001300,0.00001318,0.00001295,0.00001309,44601.00000000,1.3400833333333334e-05,102678.16666666667,False,False
1611540000000,2021-01-25 03:00:00,0.00001308,0.00001326,0.00001308,0.00001326,29786.00000000,1.34025e-05,104389.5,False,False
1611543600000,2021-01-25 04:00:00,0.00001324,0.00001342,0.00001309,0.00001310,144255.00000000,1.3421666666666665e-05,112516.66666666667,False,False
1611547200000,2021-01-25 05:00:00,0.00001310,0.00001313,0.00001299,0.00001307,27012.00000000,1.3420833333333332e-05,95303.33333333333,False,False
1611550800000,2021-01-25 06:00:00,0.00001305,0.00001313,0.00001298,0.00001313,22321.00000000,1.3407500000000002e-05,92978.66666666667,False,False
1611554400000,2021-01-25 07:00:00,0.00001308,0.00001313,0.00001303,0.00001311,60190.00000000,1.3378333333333335e-05,94765.25,False,False
1611558000000,2021-01-25 08:00:00,0.00001311,0.00001318,0.00001310,0.00001317,37580.00000000,1.3353333333333335e-05,95039.25,False,False
1611561600000,2021-01-25 09:00:00,0.00001317,0.00001319,0.00001310,0.00001317,32944.00000000,1.33375e-05,96321.75,False,False
1611565200000,2021-01-25 10:00:00,0.00001311,0.00001322,0.00001310,0.00001316,45756.00000000,1.3327500000000002e-05,98266.0,False,False
1611568800000,2021-01-25 11:00:00,0.00001310,0.00001321,0.00001310,0.00001319,53314.00000000,1.32825e-05,87793.91666666667,False,False
1611572400000,2021-01-25 12:00:00,0.00001319,0.00001321,0.00001310,0.00001317,17723.00000000,1.32275e-05,69800.58333333333,False,False
1611576000000,2021-01-25 13:00:00,0.00001317,0.00001323,0.00001310,0.00001310,92275.00000000,1.32075e-05,50646.416666666664,False,False
1611579600000,2021-01-25 14:00:00,0.00001310,0.00001314,0.00001269,0.00001269,164410.00000000,1.3204166666666666e-05,60630.5,False,False
1611583200000,2021-01-25 15:00:00,0.00001271,0.00001272,0.00001252,0.00001265,33642.00000000,1.3159166666666668e-05,60951.833333333336,False,False
1611586800000,2021-01-25 16:00:00,0.00001271,0.00001281,0.00001266,0.00001274,13247.00000000,1.3108333333333333e-05,50034.5,False,False
1611590400000,2021-01-25 17:00:00,0.00001275,0.00001295,0.00001275,0.00001291,34902.00000000,1.3093333333333334e-05,50692.0,False,False
1611594000000,2021-01-25 18:00:00,0.00001288,0.00001295,0.00001273,0.00001290,17403.00000000,1.3078333333333333e-05,50282.166666666664,False,False
1611597600000,2021-01-25 19:00:00,0.00001291,0.00001295,0.00001264,0.00001267,181851.00000000,1.3063333333333332e-05,60420.583333333336,False,False
1611601200000,2021-01-25 20:00:00,0.00001265,0.00001297,0.00001265,0.00001281,84572.00000000,1.3045833333333331e-05,64336.583333333336,False,False
1611604800000,2021-01-25 21:00:00,0.00001282,0.00001299,0.00001281,0.00001281,27322.00000000,1.3029166666666667e-05,63868.083333333336,False,False
1611608400000,2021-01-25 22:00:00,0.00001284,0.00001317,0.00001284,0.00001315,32785.00000000,1.3025e-05,62787.166666666664,False,False
1611612000000,2021-01-25 23:00:00,0.00001315,0.00001327,0.00001304,0.00001304,44444.00000000,1.3030000000000002e-05,62048.0,False,False
1611615600000,2021-01-26 00:00:00,0.00001303,0.00001319,0.00001300,0.00001312,12493.00000000,1.3028333333333337e-05,61612.166666666664,False,False
1611619200000,2021-01-26 01:00:00,0.00001313,0.00001319,0.00001292,0.00001308,45532.00000000,1.3025e-05,57716.916666666664,False,False
1611622800000,2021-01-26 02:00:00,0.00001308,0.00001312,0.00001292,0.00001292,12706.00000000,1.3023333333333335e-05,45074.916666666664,False,False
1611626400000,2021-01-26 03:00:00,0.00001297,0.00001306,0.00001291,0.00001297,11669.00000000,1.3051666666666667e-05,43243.833333333336,False,False
1611630000000,2021-01-26 04:00:00,0.00001294,0.00001298,0.00001269,0.00001287,28966.00000000,1.3065833333333335e-05,44553.75,False,False
1611633600000,2021-01-26 05:00:00,0.00001284,0.00001291,0.00001283,0.00001286,5502.00000000,1.30625e-05,42103.75,False,False
1611637200000,2021-01-26 06:00:00,0.00001289,0.00001295,0.00001273,0.00001285,37593.00000000,1.3062499999999999e-05,43786.25,False,False
1611640800000,2021-01-26 07:00:00,0.00001284,0.00001291,0.00001266,0.00001280,90627.00000000,1.3059166666666667e-05,36184.25,False,False
1611644400000,2021-01-26 08:00:00,0.00001280,0.00001287,0.00001280,0.00001285,65534.00000000,1.3050833333333334e-05,34597.75,False,False
1611648000000,2021-01-26 09:00:00,0.00001285,0.00001291,0.00001280,0.00001284,9601.00000000,1.3044166666666668e-05,33121.0,False,False
1611651600000,2021-01-26 10:00:00,0.00001288,0.00001289,0.00001275,0.00001275,13087.00000000,1.3020833333333334e-05,31479.5,False,False
1611655200000,2021-01-26 11:00:00,0.00001278,0.00001278,0.00001270,0.00001276,16218.00000000,1.298e-05,29127.333333333332,False,False
1611658800000,2021-01-26 12:00:00,0.00001276,0.00001283,0.00001273,0.00001283,11062.00000000,1.2949999999999998e-05,29008.083333333332,False,False
1611662400000,2021-01-26 13:00:00,0.00001283,0.00001284,0.00001274,0.00001275,25007.00000000,1.2920833333333332e-05,27297.666666666668,False,False
1611666000000,2021-01-26 14:00:00,0.00001273,0.00001275,0.00001256,0.00001271,31918.00000000,1.289e-05,28898.666666666668,False,False
1611669600000,2021-01-26 15:00:00,0.00001265,0.00001283,0.00001258,0.00001263,78777.00000000,1.2870833333333332e-05,34491.0,False,False
1611673200000,2021-01-26 16:00:00,0.00001269,0.00001280,0.00001267,0.00001269,20951.00000000,1.2855833333333332e-05,33823.083333333336,False,False
1611676800000,2021-01-26 17:00:00,0.00001275,0.00001282,0.00001269,0.00001279,30687.00000000,1.2848333333333332e-05,35921.833333333336,False,False
1611680400000,2021-01-26 18:00:00,0.00001279,0.00001288,0.00001273,0.00001276,25228.00000000,1.28425e-05,34891.416666666664,False,False
1611684000000,2021-01-26 19:00:00,0.00001279,0.00001288,0.00001278,0.00001282,11847.00000000,1.2839999999999999e-05,28326.416666666668,False,False
1611687600000,2021-01-26 20:00:00,0.00001282,0.00001284,0.00001276,0.00001280,14450.00000000,1.28375e-05,24069.416666666668,False,False
1611691200000,2021-01-26 21:00:00,0.00001279,0.00001313,0.00001279,0.00001305,37668.00000000,1.2855833333333333e-05,26408.333333333332,False,False
1611694800000,2021-01-26 22:00:00,0.00001303,0.00001307,0.00001276,0.00001284,49320.00000000,1.2870833333333334e-05,29427.75,False,False
1611698400000,2021-01-26 23:00:00,0.00001284,0.00001290,0.00001278,0.00001282,14487.00000000,1.2880833333333334e-05,29283.5,False,False
1611702000000,2021-01-27 00:00:00,0.00001281,0.00001291,0.00001276,0.00001283,41510.00000000,1.2887500000000002e-05,31820.833333333332,False,False
1611705600000,2021-01-27 01:00:00,0.00001284,0.00001289,0.00001273,0.00001278,21001.00000000,1.2891666666666665e-05,31487.0,False,False
1611709200000,2021-01-27 02:00:00,0.00001277,0.00001283,0.00001268,0.00001268,10532.00000000,1.2898333333333333e-05,29704.833333333332,False,False
1611712800000,2021-01-27 03:00:00,0.00001271,0.00001278,0.00001267,0.00001268,7606.00000000,1.2894166666666668e-05,23773.916666666668,False,False
1611716400000,2021-01-27 04:00:00,0.00001269,0.00001278,0.00001268,0.00001271,6011.00000000,1.2892499999999999e-05,22528.916666666668,False,False
1611720000000,2021-01-27 05:00:00,0.00001273,0.00001279,0.00001268,0.00001268,3751.00000000,1.2889999999999999e-05,20284.25,False,False
1611723600000,2021-01-27 06:00:00,0.00001269,0.00001278,0.00001269,0.00001269,8474.00000000,1.2881666666666664e-05,18888.083333333332,False,False
1611727200000,2021-01-27 07:00:00,0.00001269,0.00001273,0.00001263,0.00001263,13206.00000000,1.2869166666666664e-05,19001.333333333332,False,False
1611730800000,2021-01-27 08:00:00,0.00001263,0.00001267,0.00001234,0.00001250,161875.00000000,1.2855e-05,31286.75,False,True
1611734400000,2021-01-27 09:00:00,0.00001252,0.00001261,0.00001244,0.00001251,52445.00000000,1.2811666666666666e-05,32518.166666666668,False,False
1611738000000,2021-01-27 10:00:00,0.00001251,0.00001252,0.00001230,0.00001238,56872.00000000,1.2765833333333332e-05,33147.5,False,False
1611741600000,2021-01-27 11:00:00,0.00001239,0.00001244,0.00001238,0.00001238,23220.00000000,1.2727499999999998e-05,33875.25,False,False
1611745200000,2021-01-27 12:00:00,0.00001238,0.00001244,0.00001238,0.00001244,20852.00000000,1.2688333333333334e-05,32153.75,False,False
1611748800000,2021-01-27 13:00:00,0.00001238,0.00001253,0.00001238,0.00001250,34465.00000000,1.2658333333333334e-05,33275.75,False,False
1611752400000,2021-01-27 14:00:00,0.00001250,0.00001261,0.00001246,0.00001248,23962.00000000,1.264e-05,34394.916666666664,False,False
1611756000000,2021-01-27 15:00:00,0.00001252,0.00001276,0.00001240,0.00001268,63117.00000000,1.2638333333333332e-05,39020.833333333336,False,False
1611759600000,2021-01-27 16:00:00,0.00001268,0.00001275,0.00001256,0.00001273,29999.00000000,1.2635833333333334e-05,41019.833333333336,False,False
1611763200000,2021-01-27 17:00:00,0.00001266,0.00001266,0.00001248,0.00001252,21739.00000000,1.2625e-05,42518.833333333336,False,False
1611766800000,2021-01-27 18:00:00,0.00001255,0.00001276,0.00001251,0.00001255,17744.00000000,1.2623333333333337e-05,43291.333333333336,False,False
1611770400000,2021-01-27 19:00:00,0.00001260,0.00001278,0.00001253,0.00001272,16962.00000000,1.26275e-05,43604.333333333336,False,False
1611774000000,2021-01-27 20:00:00,0.00001272,0.00001272,0.00001256,0.00001272,13036.00000000,1.2631666666666665e-05,31201.083333333332,False,False
1611777600000,2021-01-27 21:00:00,0.00001270,0.00001279,0.00001254,0.00001255,16970.00000000,1.2646666666666667e-05,28244.833333333332,False,False
1611781200000,2021-01-27 22:00:00,0.00001254,0.00001265,0.00001253,0.00001265,6640.00000000,1.2657499999999999e-05,24058.833333333332,False,False
1611784800000,2021-01-27 23:00:00,0.00001261,0.00001271,0.00001261,0.00001264,15590.00000000,1.268e-05,23423.0,False,False
1611788400000,2021-01-28 00:00:00,0.00001264,0.00001274,0.00001262,0.00001274,4635.00000000,1.2705e-05,22071.583333333332,False,False
1611792000000,2021-01-28 01:00:00,0.00001268,0.00001360,0.00001251,0.00001313,405077.00000000,1.2794166666666667e-05,52955.916666666664,False,True
1611795600000,2021-01-28 02:00:00,0.00001307,0.00001308,0.00001276,0.00001276,28246.00000000,1.2833333333333333e-05,53312.916666666664,False,False
1611799200000,2021-01-28 03:00:00,0.00001276,0.00001276,0.00001262,0.00001268,14543.00000000,1.2833333333333336e-05,49265.083333333336,False,False
1611802800000,2021-01-28 04:00:00,0.00001267,0.00001277,0.00001256,0.00001267,24692.00000000,1.2835000000000002e-05,48822.833333333336,False,False
1611806400000,2021-01-28 05:00:00,0.00001267,0.00001320,0.00001266,0.00001283,91288.00000000,1.288e-05,54618.583333333336,False,False
1611810000000,2021-01-28 06:00:00,0.00001285,0.00001292,0.00001274,0.00001274,20661.00000000,1.2893333333333334e-05,54861.666666666664,False,False
1611813600000,2021-01-28 07:00:00,0.00001274,0.00001287,0.00001258,0.00001270,161664.00000000,1.2900833333333335e-05,66920.16666666667,False,False
1611817200000,2021-01-28 08:00:00,0.00001269,0.00001269,0.00001260,0.00001269,54333.00000000,1.2898333333333333e-05,70361.58333333333,False,False
1611820800000,2021-01-28 09:00:00,0.00001269,0.00001279,0.00001266,0.00001272,37103.00000000,1.2898333333333332e-05,72039.33333333333,False,False
1611824400000,2021-01-28 10:00:00,0.00001270,0.00001272,0.00001257,0.00001262,65519.00000000,1.2904166666666666e-05,76945.91666666667,False,False
1611828000000,2021-01-28 11:00:00,0.00001262,0.00001272,0.00001239,0.00001263,199128.00000000,1.2905e-05,92240.75,False,False
1611831600000,2021-01-28 12:00:00,0.00001263,0.00001280,0.00001260,0.00001276,54232.00000000,1.2910000000000002e-05,96373.83333333333,False,False
1611835200000,2021-01-28 13:00:00,0.00001269,0.00001293,0.00001255,0.00001285,128991.00000000,1.2854166666666668e-05,73366.66666666667,False,False
1611838800000,2021-01-28 14:00:00,0.00001283,0.00001289,0.00001278,0.00001279,18642.00000000,1.2838333333333334e-05,72566.33333333333,False,False
1611842400000,2021-01-28 15:00:00,0.00001284,0.00001287,0.00001274,0.00001276,29833.00000000,1.2847500000000002e-05,73840.5,False,False
1611846000000,2021-01-28 16:00:00,0.00001276,0.00001286,0.00001257,0.00001271,101609.00000000,1.2855000000000003e-05,80250.25,False,False
1611849600000,2021-01-28 17:00:00,0.00001269,0.00001286,0.00001262,0.00001268,70411.00000000,1.2826666666666669e-05,78510.5,False,False
1611853200000,2021-01-28 18:00:00,0.00001270,0.00001274,0.00001265,0.00001272,26078.00000000,1.2811666666666666e-05,78961.91666666667,False,False
1611856800000,2021-01-28 19:00:00,0.00001272,0.00001273,0.00001250,0.00001250,28722.00000000,1.2799999999999998e-05,67883.41666666667,False,False
1611860400000,2021-01-28 20:00:00,0.00001252,0.00001256,0.00001243,0.00001248,35622.00000000,1.2789166666666664e-05,66324.16666666667,False,False
1611864000000,2021-01-28 21:00:00,0.00001245,0.00001249,0.00001240,0.00001244,29933.00000000,1.2764166666666669e-05,65726.66666666667,False,False
1611867600000,2021-01-28 22:00:00,0.00001248,0.00001249,0.00001238,0.00001240,55217.00000000,1.2745e-05,64868.166666666664,False,False
1611871200000,2021-01-28 23:00:00,0.00001238,0.00001246,0.00001230,0.00001233,35489.00000000,1.2723333333333334e-05,51231.583333333336,False,False
1611874800000,2021-01-29 00:00:00,0.00001233,0.00001241,0.00001212,0.00001241,69591.00000000,1.2690833333333332e-05,52511.5,False,False
1611878400000,2021-01-29 01:00:00,0.00001237,0.00001241,0.00001216,0.00001236,32669.00000000,1.2647499999999999e-05,44484.666666666664,False,False
1611882000000,2021-01-29 02:00:00,0.00001228,0.00001245,0.00001216,0.00001232,37982.00000000,1.2610833333333333e-05,46096.333333333336,False,False
1611885600000,2021-01-29 03:00:00,0.00001231,0.00001231,0.00001190,0.00001198,293248.00000000,1.2564166666666666e-05,68047.58333333333,False,False
1611889200000,2021-01-29 04:00:00,0.00001202,0.00001211,0.00001176,0.00001204,141004.00000000,1.2501666666666664e-05,71330.5,False,False
1611892800000,2021-01-29 05:00:00,0.00001203,0.00001225,0.00001192,0.00001222,64481.00000000,1.2450833333333333e-05,70836.33333333333,False,False
1611896400000,2021-01-29 06:00:00,0.00001222,0.00001237,0.00001216,0.00001233,45974.00000000,1.242e-05,72494.33333333333,False,False
1611900000000,2021-01-29 07:00:00,0.00001228,0.00001300,0.00001226,0.00001241,127383.00000000,1.24425e-05,80716.08333333333,False,False
1611903600000,2021-01-29 08:00:00,0.00001240,0.00001245,0.00001229,0.00001239,76843.00000000,1.2433333333333333e-05,84151.16666666667,False,False
1611907200000,2021-01-29 09:00:00,0.00001242,0.00001242,0.00001170,0.00001170,84181.00000000,1.2427500000000001e-05,88671.83333333333,False,False
1611910800000,2021-01-29 10:00:00,0.00001170,0.00001210,0.00001110,0.00001141,180858.00000000,1.2394999999999999e-05,99141.91666666667,False,False
1611914400000,2021-01-29 11:00:00,0.00001143,0.00001171,0.00001140,0.00001152,31984.00000000,1.2332500000000003e-05,98849.83333333333,False,False
1611918000000,2021-01-29 12:00:00,0.00001152,0.00001182,0.00001138,0.00001166,67025.00000000,1.2283333333333333e-05,98636.0,False,False
1611921600000,2021-01-29 13:00:00,0.00001168,0.00001169,0.00001141,0.00001142,75274.00000000,1.2223333333333334e-05,102186.41666666667,False,False
1611925200000,2021-01-29 14:00:00,0.00001142,0.00001152,0.00001126,0.00001133,35722.00000000,1.214583333333333e-05,101998.08333333333,False,False
1611928800000,2021-01-29 15:00:00,0.00001127,0.00001153,0.00001121,0.00001135,47880.00000000,1.2080833333333333e-05,81550.75,False,False
1611932400000,2021-01-29 16:00:00,0.00001135,0.00001137,0.00001130,0.00001135,27418.00000000,1.2019166666666667e-05,72085.25,False,False
1611936000000,2021-01-29 17:00:00,0.00001135,0.00001180,0.00001121,0.00001173,121126.00000000,1.1981666666666666e-05,76805.66666666667,False,False
1611939600000,2021-01-29 18:00:00,0.00001173,0.00001189,0.00001150,0.00001189,59058.00000000,1.1941666666666666e-05,77896.0,False,False
1611943200000,2021-01-29 19:00:00,0.00001184,0.00001208,0.00001181,0.00001200,35248.00000000,1.1865e-05,70218.08333333333,False,False
1611946800000,2021-01-29 20:00:00,0.00001201,0.00001216,0.00001200,0.00001209,63321.00000000,1.184083333333333e-05,69091.25,False,False
1611950400000,2021-01-29 21:00:00,0.00001214,0.00001227,0.00001195,0.00001204,17981.00000000,1.182833333333333e-05,63574.583333333336,False,False
1611954000000,2021-01-29 22:00:00,0.00001204,0.00001220,0.00001195,0.00001206,35080.00000000,1.1836666666666666e-05,51426.416666666664,False,False
1611957600000,2021-01-29 23:00:00,0.00001205,0.00001213,0.00001195,0.00001210,52355.00000000,1.1871666666666668e-05,53124.0,False,False
1611961200000,2021-01-30 00:00:00,0.00001210,0.00001210,0.00001203,0.00001205,121897.00000000,1.1895e-05,57696.666666666664,False,False
1611964800000,2021-01-30 01:00:00,0.00001205,0.00001210,0.00001202,0.00001207,28928.00000000,1.1929166666666668e-05,53834.5,False,False
1611968400000,2021-01-30 02:00:00,0.00001203,0.00001215,0.00001199,0.00001213,44266.00000000,1.1981666666666666e-05,54546.5,False,False
1611972000000,2021-01-30 03:00:00,0.00001211,0.00001220,0.00001204,0.00001207,43724.00000000,1.20375e-05,54200.166666666664,False,False
1611975600000,2021-01-30 04:00:00,0.00001206,0.00001218,0.00001205,0.00001216,34107.00000000,1.2105e-05,54757.583333333336,False,False
1611979200000,2021-01-30 05:00:00,0.00001215,0.00001216,0.00001203,0.00001203,29131.00000000,1.2134999999999998e-05,47091.333333333336,False,False
1611982800000,2021-01-30 06:00:00,0.00001203,0.00001212,0.00001198,0.00001202,7289.00000000,1.2154166666666666e-05,42777.25,False,False
1611986400000,2021-01-30 07:00:00,0.00001202,0.00001283,0.00001200,0.00001200,212795.00000000,1.2216666666666666e-05,57572.833333333336,False,False
1611990000000,2021-01-30 08:00:00,0.00001207,0.00001209,0.00001200,0.00001200,38851.00000000,1.2210833333333333e-05,55533.666666666664,False,False
1611993600000,2021-01-30 09:00:00,0.00001202,0.00001202,0.00001181,0.00001194,25179.00000000,1.2190000000000002e-05,56133.5,False,False
1611997200000,2021-01-30 10:00:00,0.00001194,0.00001196,0.00001182,0.00001190,24159.00000000,1.217e-05,55223.416666666664,False,False
1612000800000,2021-01-30 11:00:00,0.00001190,0.00001201,0.00001181,0.00001201,29127.00000000,1.2159999999999999e-05,53287.75,False,False
1612004400000,2021-01-30 12:00:00,0.00001201,0.00001210,0.00001194,0.00001209,18594.00000000,1.2159999999999999e-05,44679.166666666664,False,False
1612008000000,2021-01-30 13:00:00,0.00001209,0.00001212,0.00001200,0.00001202,22730.00000000,1.2161666666666667e-05,44162.666666666664,False,False
1612011600000,2021-01-30 14:00:00,0.00001202,0.00001215,0.00001200,0.00001203,45608.00000000,1.2161666666666667e-05,44274.5,False,False
1612015200000,2021-01-30 15:00:00,0.00001203,0.00001222,0.00001190,0.00001198,67328.00000000,1.2163333333333333e-05,46241.5,False,False
1612018800000,2021-01-30 16:00:00,0.00001199,0.00001239,0.00001196,0.00001220,143136.00000000,1.2180833333333332e-05,55327.25,False,False
1612022400000,2021-01-30 17:00:00,0.00001220,0.00001236,0.00001197,0.00001212,119216.00000000,1.21975e-05,62834.333333333336,False,False
1612026000000,2021-01-30 18:00:00,0.00001211,0.00001235,0.00001206,0.00001212,67301.00000000,1.2216666666666666e-05,67835.33333333333,False,False
1612029600000,2021-01-30 19:00:00,0.00001212,0.00001238,0.00001199,0.00001212,54269.00000000,1.2179166666666667e-05,54624.833333333336,False,False
1612033200000,2021-01-30 20:00:00,0.00001212,0.00001238,0.00001208,0.00001216,34371.00000000,1.220333333333333e-05,54251.5,False,False
1612036800000,2021-01-30 21:00:00,0.00001216,0.00001236,0.00001216,0.00001235,73950.00000000,1.2231666666666667e-05,58315.75,False,False
1612040400000,2021-01-30 22:00:00,0.00001230,0.00001261,0.00001227,0.00001227,59267.00000000,1.2285833333333332e-05,61241.416666666664,False,False
1612044000000,2021-01-30 23:00:00,0.00001231,0.00001231,0.00001203,0.00001215,125174.00000000,1.2310833333333332e-05,69245.33333333333,False,False
1612047600000,2021-01-31 00:00:00,0.00001219,0.00001223,0.00001207,0.00001218,47843.00000000,1.2321666666666668e-05,71682.75,False,False
1612051200000,2021-01-31 01:00:00,0.00001218,0.00001220,0.00001209,0.00001216,16817.00000000,1.2328333333333335e-05,71190.0,False,False
1612054800000,2021-01-31 02:00:00,0.00001215,0.00001222,0.00001197,0.00001198,128122.00000000,1.2334166666666666e-05,78066.16666666667,False,False
1612058400000,2021-01-31 03:00:00,0.00001198,0.00001213,0.00001198,0.00001208,34905.00000000,1.2326666666666667e-05,75364.25,False,False
1612062000000,2021-01-31 04:00:00,0.00001208,0.00001210,0.00001195,0.00001203,11217.00000000,1.23025e-05,64371.0,False,False
1612065600000,2021-01-31 05:00:00,0.00001203,0.00001227,0.00001203,0.00001208,65542.00000000,1.2294999999999998e-05,59898.166666666664,False,False
1612069200000,2021-01-31 06:00:00,0.00001208,0.00001215,0.00001201,0.00001204,45791.00000000,1.2278333333333332e-05,58105.666666666664,False,False
1612072800000,2021-01-31 07:00:00,0.00001201,0.00001205,0.00001198,0.00001204,20091.00000000,1.2250833333333333e-05,55257.5,False,False
1612076400000,2021-01-31 08:00:00,0.00001204,0.00001211,0.00001196,0.00001204,23044.00000000,1.2228333333333333e-05,54313.583333333336,False,False
1612080000000,2021-01-31 09:00:00,0.00001204,0.00001212,0.00001201,0.00001209,26498.00000000,1.2208333333333331e-05,50359.25,False,False
1612083600000,2021-01-31 10:00:00,0.00001206,0.00001279,0.00001202,0.00001217,155688.00000000,1.2223333333333334e-05,58394.333333333336,False,False
1612087200000,2021-01-31 11:00:00,0.00001217,0.00001221,0.00001208,0.00001214,34910.00000000,1.2214999999999999e-05,50872.333333333336,False,False
1612090800000,2021-01-31 12:00:00,0.00001214,0.00001226,0.00001206,0.00001218,62745.00000000,1.2217499999999998e-05,52114.166666666664,False,False
1612094400000,2021-01-31 13:00:00,0.00001221,0.00001228,0.00001206,0.00001216,128914.00000000,1.2224166666666669e-05,61455.583333333336,False,False
1612098000000,2021-01-31 14:00:00,0.00001216,0.00001222,0.00001209,0.00001217,48543.00000000,1.2224166666666666e-05,54824.0,False,False
1612101600000,2021-01-31 15:00:00,0.00001215,0.00001221,0.00001201,0.00001210,84729.00000000,1.2230833333333332e-05,58976.0,False,False
1612105200000,2021-01-31 16:00:00,0.00001209,0.00001212,0.00001200,0.00001202,83222.00000000,1.22325e-05,64976.416666666664,False,False
1612108800000,2021-01-31 17:00:00,0.00001202,0.00001215,0.00001200,0.00001212,48205.00000000,1.22225e-05,63531.666666666664,False,False
1612112400000,2021-01-31 18:00:00,0.00001212,0.00001227,0.00001206,0.00001222,83871.00000000,1.22325e-05,66705.0,False,False
1612116000000,2021-01-31 19:00:00,0.00001223,0.00001243,0.00001220,0.00001232,83360.00000000,1.2264166666666665e-05,71977.41666666667,False,False
1612119600000,2021-01-31 20:00:00,0.00001226,0.00001245,0.00001222,0.00001231,60485.00000000,1.22925e-05,75097.5,False,False
1612123200000,2021-01-31 21:00:00,0.00001230,0.00001370,0.00001221,0.00001354,669484.00000000,1.2424166666666667e-05,128679.66666666667,False,True
1612126800000,2021-01-31 22:00:00,0.00001355,0.00001365,0.00001220,0.00001301,662838.00000000,1.2495833333333335e-05,170942.16666666666,False,False
1612130400000,2021-01-31 23:00:00,0.00001300,0.00001329,0.00001259,0.00001266,142052.00000000,1.2585833333333336e-05,179870.66666666666,False,False
1612134000000,2021-02-01 00:00:00,0.00001266,0.00001270,0.00001250,0.00001257,77796.00000000,1.2622500000000002e-05,181124.91666666666,False,False
1612137600000,2021-02-01 01:00:00,0.00001257,0.00001354,0.00001243,0.00001252,222591.00000000,1.2727500000000003e-05,188931.33333333334,False,False
1612141200000,2021-02-01 02:00:00,0.00001252,0.00001255,0.00001237,0.00001237,66821.00000000,1.2755000000000002e-05,190454.5,False,False
1612144800000,2021-02-01 03:00:00,0.00001237,0.00001258,0.00001230,0.00001230,49997.00000000,1.2785833333333334e-05,187560.16666666666,False,False
1612148400000,2021-02-01 04:00:00,0.00001229,0.00001237,0.00001221,0.00001237,48493.00000000,1.2806666666666665e-05,184666.08333333334,False,False
1612152000000,2021-02-01 05:00:00,0.00001236,0.00001239,0.00001218,0.00001219,50532.00000000,1.2826666666666665e-05,184860.0,False,False
1612155600000,2021-02-01 06:00:00,0.00001218,0.00001231,0.00001218,0.00001230,31635.00000000,1.2829999999999999e-05,180507.0,False,False
1612159200000,2021-02-01 07:00:00,0.00001230,0.00001234,0.00001212,0.00001230,54630.00000000,1.2822500000000001e-05,178112.83333333334,False,False
1612162800000,2021-02-01 08:00:00,0.00001230,0.00001240,0.00001224,0.00001224,23020.00000000,1.2818333333333334e-05,174990.75,False,False
1612166400000,2021-02-01 09:00:00,0.00001230,0.00001231,0.00001201,0.00001213,70293.00000000,1.27025e-05,125058.16666666667,False,False
1612170000000,2021-02-01 10:00:00,0.00001207,0.00001245,0.00001180,0.00001230,305377.00000000,1.26025e-05,95269.75,False,False
1612173600000,2021-02-01 11:00:00,0.00001237,0.00001339,0.00001226,0.00001287,303786.00000000,1.2610833333333333e-05,108747.58333333333,False,False
1612177200000,2021-02-01 12:00:00,0.00001286,0.00001299,0.00001231,0.00001231,75742.00000000,1.2634999999999998e-05,108576.41666666667,False,False
1612180800000,2021-02-01 13:00:00,0.00001231,0.00001250,0.00001224,0.00001241,61397.00000000,1.2548333333333335e-05,95143.58333333333,False,False
1612184400000,2021-02-01 14:00:00,0.00001241,0.00001252,0.00001217,0.00001225,65853.00000000,1.2545833333333333e-05,95062.91666666667,False,False
1612188000000,2021-02-01 15:00:00,0.00001230,0.00001282,0.00001217,0.00001233,158778.00000000,1.2565833333333334e-05,104128.0,False,False
1612191600000,2021-02-01 16:00:00,0.00001233,0.00001235,0.00001228,0.00001235,85922.00000000,1.2564166666666669e-05,107247.08333333333,False,False
1612195200000,2021-02-01 17:00:00,0.00001235,0.00001255,0.00001235,0.00001253,63785.00000000,1.2577500000000001e-05,108351.5,False,False
1612198800000,2021-02-01 18:00:00,0.00001253,0.00001278,0.00001247,0.00001258,73410.00000000,1.2616666666666666e-05,111832.75,False,False
1612202400000,2021-02-01 19:00:00,0.00001256,0.00001258,0.00001223,0.00001251,61158.00000000,1.2636666666666665e-05,112376.75,False,False
1612206000000,2021-02-01 20:00:00,0.00001253,0.00001258,0.00001244,0.00001253,31936.00000000,1.2651666666666666e-05,113119.75,False,False
1612209600000,2021-02-01 21:00:00,0.00001253,0.00001319,0.00001241,0.00001274,162928.00000000,1.2724999999999998e-05,120839.33333333333,False,False
1612213200000,2021-02-01 22:00:00,0.00001274,0.00001285,0.00001263,0.00001278,71390.00000000,1.2758333333333336e-05,101340.41666666667,False,False
1612216800000,2021-02-01 23:00:00,0.00001277,0.00001286,0.00001262,0.00001271,51828.00000000,1.271416666666667e-05,80343.91666666667,False,False
1612220400000,2021-02-02 00:00:00,0.00001272,0.00001310,0.00001254,0.00001293,80321.00000000,1.2723333333333336e-05,80725.5,False,False
1612224000000,2021-02-02 01:00:00,0.00001293,0.00001295,0.00001271,0.00001282,59857.00000000,1.2760833333333333e-05,80597.16666666667,False,False
1612227600000,2021-02-02 02:00:00,0.00001281,0.00001290,0.00001266,0.00001266,14611.00000000,1.2792499999999998e-05,76327.0,False,False
1612231200000,2021-02-02 03:00:00,0.00001272,0.00001282,0.00001262,0.00001272,34077.00000000,1.2792499999999998e-05,65935.25,False,False
1612234800000,2021-02-02 04:00:00,0.00001268,0.00001272,0.00001253,0.00001267,68053.00000000,1.2823333333333335e-05,64446.166666666664,False,False
1612238400000,2021-02-02 05:00:00,0.00001268,0.00001284,0.00001256,0.00001269,31199.00000000,1.28475e-05,61730.666666666664,False,False
1612242000000,2021-02-02 06:00:00,0.00001269,0.00001281,0.00001264,0.00001265,21326.00000000,1.285e-05,57390.333333333336,False,False
1612245600000,2021-02-02 07:00:00,0.00001265,0.00001270,0.00001244,0.00001268,83340.00000000,1.2860000000000002e-05,59238.833333333336,False,False
1612249200000,2021-02-02 08:00:00,0.00001265,0.00001278,0.00001253,0.00001274,87148.00000000,1.287666666666667e-05,63839.833333333336,False,False
1612252800000,2021-02-02 09:00:00,0.00001274,0.00001284,0.00001268,0.00001281,141589.00000000,1.28475e-05,62061.583333333336,False,False
1612256400000,2021-02-02 10:00:00,0.00001280,0.00001281,0.00001241,0.00001252,74114.00000000,1.2844166666666668e-05,62288.583333333336,False,False
1612260000000,2021-02-02 11:00:00,0.00001249,0.00001263,0.00001241,0.00001252,76252.00000000,1.2825e-05,64323.916666666664,False,False
1612263600000,2021-02-02 12:00:00,0.00001254,0.00001259,0.00001249,0.00001254,25032.00000000,1.27825e-05,59716.5,False,False
1612267200000,2021-02-02 13:00:00,0.00001258,0.00001266,0.00001253,0.00001265,63622.00000000,1.2758333333333331e-05,60030.25,False,False
1612270800000,2021-02-02 14:00:00,0.00001267,0.00001276,0.00001266,0.00001271,42683.00000000,1.2746666666666666e-05,62369.583333333336,False,False
1612274400000,2021-02-02 15:00:00,0.00001271,0.00001285,0.00001269,0.00001277,29894.00000000,1.2749166666666665e-05,62021.0,False,False
1612278000000,2021-02-02 16:00:00,0.00001282,0.00001299,0.00001266,0.00001298,64175.00000000,1.2771666666666667e-05,61697.833333333336,False,False
1612281600000,2021-02-02 17:00:00,0.00001296,0.00001320,0.00001287,0.00001313,163997.00000000,1.2801666666666665e-05,72764.33333333333,False,False
1612285200000,2021-02-02 18:00:00,0.00001314,0.00001314,0.00001276,0.00001295,55550.00000000,1.2829166666666667e-05,75616.33333333333,False,False
1612288800000,2021-02-02 19:00:00,0.00001296,0.00001325,0.00001286,0.00001314,147164.00000000,1.2875000000000001e-05,80935.0,False,False
1612292400000,2021-02-02 20:00:00,0.00001320,0.00001375,0.00001300,0.00001335,365022.00000000,1.2955833333333334e-05,104091.16666666667,False,False
1612296000000,2021-02-02 21:00:00,0.00001335,0.00001362,0.00001297,0.00001297,242655.00000000,1.3020833333333334e-05,112513.33333333333,False,False
1612299600000,2021-02-02 22:00:00,0.00001297,0.00001297,0.00001263,0.00001266,132393.00000000,1.3034166666666666e-05,117369.91666666667,False,False
1612303200000,2021-02-02 23:00:00,0.00001266,0.00001298,0.00001266,0.00001298,67661.00000000,1.3063333333333332e-05,116654.0,False,False
1612306800000,2021-02-03 00:00:00,0.00001297,0.00001310,0.00001286,0.00001301,54350.00000000,1.310583333333333e-05,119097.16666666667,False,False
1612310400000,2021-02-03 01:00:00,0.00001307,0.00001311,0.00001253,0.00001259,62187.00000000,1.3143333333333332e-05,118977.58333333333,False,False
1612314000000,2021-02-03 02:00:00,0.00001258,0.00001274,0.00001248,0.00001274,29796.00000000,1.3141666666666663e-05,117903.66666666667,False,False
1612317600000,2021-02-03 03:00:00,0.00001274,0.00001289,0.00001274,0.00001278,24532.00000000,1.3144999999999997e-05,117456.83333333333,False,False
1612321200000,2021-02-03 04:00:00,0.00001277,0.00001394,0.00001237,0.00001266,2079590.00000000,1.3224166666666666e-05,285408.0833333333,False,True
1612324800000,2021-02-03 05:00:00,0.00001266,0.00001316,0.00001252,0.00001316,208001.00000000,1.3220833333333332e-05,289075.0833333333,False,False
1612328400000,2021-02-03 06:00:00,0.00001316,0.00001349,0.00001295,0.00001325,139745.00000000,1.3249999999999999e-05,296091.3333333333,False,False
1612332000000,2021-02-03 07:00:00,0.00001319,0.00001325,0.00001296,0.00001302,99470.00000000,1.3250000000000002e-05,292116.8333333333,False,False
1612335600000,2021-02-03 08:00:00,0.00001303,0.00001400,0.00001276,0.00001341,339921.00000000,1.3270833333333333e-05,290025.0833333333,False,False
1612339200000,2021-02-03 09:00:00,0.00001343,0.00001372,0.00001306,0.00001331,171967.00000000,1.3279166666666666e-05,284134.4166666667,False,False
1612342800000,2021-02-03 10:00:00,0.00001332,0.00001369,0.00001313,0.00001342,144006.00000000,1.3339166666666668e-05,285102.1666666667,False,False
1612346400000,2021-02-03 11:00:00,0.00001342,0.00001369,0.00001310,0.00001340,137357.00000000,1.3398333333333335e-05,290910.1666666667,False,False
1612350000000,2021-02-03 12:00:00,0.00001344,0.00001383,0.00001334,0.00001369,206423.00000000,1.3459166666666663e-05,303582.9166666667,False,False
1612353600000,2021-02-03 13:00:00,0.00001368,0.00001399,0.00001331,0.00001380,341142.00000000,1.3532499999999998e-05,326829.1666666667,False,False
1612357200000,2021-02-03 14:00:00,0.00001379,0.00001399,0.00001372,0.00001397,234538.00000000,1.3636666666666666e-05,343891.0,False,False
1612360800000,2021-02-03 15:00:00,0.00001390,0.00001450,0.00001356,0.00001429,394607.00000000,1.3770833333333332e-05,374730.5833333333,False,False
1612364400000,2021-02-03 16:00:00,0.00001429,0.00001567,0.00001350,0.00001371,1107235.00000000,1.3914999999999998e-05,293701.0,False,False
1612368000000,2021-02-03 17:00:00,0.00001370,0.00001377,0.00001306,0.00001327,280985.00000000,1.3965833333333333e-05,299783.0,False,False
1612371600000,2021-02-03 18:00:00,0.00001334,0.00001352,0.00001323,0.00001334,138379.00000000,1.3968333333333331e-05,299669.1666666667,False,False
1612375200000,2021-02-03 19:00:00,0.00001328,0.00001339,0.00001323,0.00001332,67179.00000000,1.3979999999999998e-05,296978.25,False,False
1612378800000,2021-02-03 20:00:00,0.00001327,0.00001357,0.00001325,0.00001337,72355.00000000,1.3944166666666668e-05,274681.0833333333,False,False
1612382400000,2021-02-03 21:00:00,0.00001338,0.00001400,0.00001325,0.00001394,209950.00000000,1.39675e-05,277846.3333333333,False,False
1612386000000,2021-02-03 22:00:00,0.00001391,0.00001392,0.00001316,0.00001337,277618.00000000,1.3986666666666666e-05,288980.6666666667,False,False
1612389600000,2021-02-03 23:00:00,0.00001337,0.00001338,0.00001310,0.00001330,107778.00000000,1.3960833333333332e-05,286515.75,False,False
1612393200000,2021-02-04 00:00:00,0.00001335,0.00001346,0.00001318,0.00001340,67207.00000000,1.3929999999999999e-05,274914.4166666667,False,False
1612396800000,2021-02-04 01:00:00,0.00001332,0.00001491,0.00001330,0.00001460,563232.00000000,1.4006666666666668e-05,293421.9166666667,False,False
1612400400000,2021-02-04 02:00:00,0.00001460,0.00001485,0.00001376,0.00001409,177428.00000000,1.4078333333333335e-05,288662.75,False,False
1612404000000,2021-02-04 03:00:00,0.00001410,0.00001451,0.00001385,0.00001411,210852.00000000,1.4079166666666667e-05,273349.8333333333,False,False
1612407600000,2021-02-04 04:00:00,0.00001419,0.00001460,0.00001397,0.00001428,94331.00000000,1.399e-05,188941.16666666666,False,False
1612411200000,2021-02-04 05:00:00,0.00001426,0.00001472,0.00001412,0.00001426,86155.00000000,1.4069166666666666e-05,172705.33333333334,False,False
1612414800000,2021-02-04 06:00:00,0.00001426,0.00001426,0.00001380,0.00001397,88446.00000000,1.4130833333333332e-05,168544.25,False,False
1612418400000,2021-02-04 07:00:00,0.00001397,0.00001423,0.00001382,0.00001419,68055.00000000,1.4200833333333333e-05,168617.25,False,False
1612422000000,2021-02-04 08:00:00,0.00001417,0.00001442,0.00001403,0.00001413,114533.00000000,1.4271666666666666e-05,172132.08333333334,False,False
1612425600000,2021-02-04 09:00:00,0.00001406,0.00001417,0.00001360,0.00001412,146498.00000000,1.4285833333333331e-05,166844.41666666666,False,False
1612429200000,2021-02-04 10:00:00,0.00001406,0.00001428,0.00001341,0.00001388,281777.00000000,1.4315833333333334e-05,167191.0,False,False
1612432800000,2021-02-04 11:00:00,0.00001388,0.00001416,0.00001376,0.00001416,78675.00000000,1.4380833333333336e-05,164765.75,False,False
1612436400000,2021-02-04 12:00:00,0.00001417,0.00001438,0.00001396,0.00001417,123883.00000000,1.4457500000000002e-05,169488.75,False,False
1612440000000,2021-02-04 13:00:00,0.00001417,0.00001535,0.00001407,0.00001470,326390.00000000,1.4494166666666666e-05,149751.91666666666,False,False
1612443600000,2021-02-04 14:00:00,0.00001471,0.00001481,0.00001417,0.00001441,120252.00000000,1.4490833333333334e-05,144987.25,False,False
1612447200000,2021-02-04 15:00:00,0.00001434,0.00001470,0.00001420,0.00001433,127090.00000000,1.4506666666666666e-05,138007.08333333334,False,False
1612450800000,2021-02-04 16:00:00,0.00001426,0.00001463,0.00001386,0.00001434,420267.00000000,1.4509166666666667e-05,165168.41666666666,False,False
1612454400000,2021-02-04 17:00:00,0.00001431,0.00001444,0.00001403,0.00001409,111612.00000000,1.4485833333333336e-05,167289.83333333334,False,False
1612458000000,2021-02-04 18:00:00,0.00001409,0.00001471,0.00001387,0.00001418,289021.00000000,1.4523333333333332e-05,184004.41666666666,False,False
1612461600000,2021-02-04 19:00:00,0.00001418,0.00001496,0.00001418,0.00001480,167705.00000000,1.4584166666666667e-05,192308.58333333334,False,False
1612465200000,2021-02-04 20:00:00,0.00001479,0.00001486,0.00001451,0.00001451,110557.00000000,1.4620833333333334e-05,191977.25,False,False
1612468800000,2021-02-04 21:00:00,0.00001452,0.00001458,0.00001426,0.00001439,85661.00000000,1.4655000000000001e-05,186907.5,False,False
1612472400000,2021-02-04 22:00:00,0.00001439,0.00001488,0.00001427,0.00001452,151301.00000000,1.4705000000000002e-05,176034.5,False,False
1612476000000,2021-02-04 23:00:00,0.00001453,0.00001488,0.00001451,0.00001470,99174.00000000,1.4764999999999998e-05,177742.75,False,False
1612479600000,2021-02-05 00:00:00,0.00001475,0.00001480,0.00001445,0.00001453,52879.00000000,1.48e-05,171825.75,False,False
1612483200000,2021-02-05 01:00:00,0.00001453,0.00001492,0.00001415,0.00001438,154937.00000000,1.4764166666666668e-05,157538.0,False,False
1612486800000,2021-02-05 02:00:00,0.00001438,0.00001439,0.00001412,0.00001417,99104.00000000,1.4729166666666668e-05,155775.66666666666,False,False
1612490400000,2021-02-05 03:00:00,0.00001415,0.00001432,0.00001409,0.00001419,45900.00000000,1.4697500000000001e-05,149009.83333333334,False,False
1612494000000,2021-02-05 04:00:00,0.00001418,0.00001440,0.00001414,0.00001435,55797.00000000,1.4678333333333333e-05,118637.33333333333,False,False
1612497600000,2021-02-05 05:00:00,0.00001434,0.00001456,0.00001421,0.00001454,57788.00000000,1.4688333333333333e-05,114152.0,False,False
1612501200000,2021-02-05 06:00:00,0.00001453,0.00001453,0.00001427,0.00001443,47211.00000000,1.4673333333333336e-05,94001.16666666667,False,False
1612504800000,2021-02-05 07:00:00,0.00001443,0.00001480,0.00001425,0.00001471,88861.00000000,1.466e-05,87430.83333333333,False,False
1612508400000,2021-02-05 08:00:00,0.00001470,0.00001512,0.00001453,0.00001484,144410.00000000,1.468166666666667e-05,90251.91666666667,False,False
1612512000000,2021-02-05 09:00:00,0.00001491,0.00001728,0.00001482,0.00001631,1051828.00000000,1.4906666666666666e-05,170765.83333333334,False,True
1612515600000,2021-02-05 10:00:00,0.00001631,0.00002093,0.00001620,0.00001848,2067993.00000000,1.5410833333333335e-05,330490.1666666667,False,True
1612519200000,2021-02-05 11:00:00,0.00001853,0.00001999,0.00001760,0.00001849,1036751.00000000,1.5836666666666667e-05,408621.5833333333,False,False
1612522800000,2021-02-05 12:00:00,0.00001848,0.00001941,0.00001689,0.00001725,912947.00000000,1.6220833333333336e-05,480293.9166666667,False,False
1612526400000,2021-02-05 13:00:00,0.00001720,0.00001787,0.00001679,0.00001706,424006.00000000,1.6466666666666666e-05,502716.3333333333,False,False
1612530000000,2021-02-05 14:00:00,0.00001699,0.00001720,0.00001617,0.00001650,398567.00000000,1.6700833333333335e-05,527671.5833333334,False,False
1612533600000,2021-02-05 15:00:00,0.00001652,0.00001725,0.00001646,0.00001683,174494.00000000,1.6944999999999998e-05,538387.75,False,False
1612537200000,2021-02-05 16:00:00,0.00001680,0.00001733,0.00001666,0.00001678,326508.00000000,1.7189166666666668e-05,560947.0,False,False
1612540800000,2021-02-05 17:00:00,0.00001678,0.00001717,0.00001660,0.00001670,155977.00000000,1.7406666666666667e-05,569129.4166666666,False,False
1612544400000,2021-02-05 18:00:00,0.00001667,0.00001716,0.00001660,0.00001701,221665.00000000,1.7625833333333333e-05,583667.25,False,False
1612548000000,2021-02-05 19:00:00,0.00001702,0.00001750,0.00001690,0.00001715,230838.00000000,1.7850833333333335e-05,595498.6666666666,False,False
1612551600000,2021-02-05 20:00:00,0.00001715,0.00001760,0.00001702,0.00001735,205193.00000000,1.8057499999999998e-05,600563.9166666666,False,False
1612555200000,2021-02-05 21:00:00,0.00001734,0.00001830,0.00001730,0.00001795,277111.00000000,1.81425e-05,536004.1666666666,False,False
1612558800000,2021-02-05 22:00:00,0.00001796,0.00001817,0.00001673,0.00001686,403150.00000000,1.79125e-05,397267.25,False,False
1612562400000,2021-02-05 23:00:00,0.00001686,0.00001707,0.00001670,0.00001707,199891.00000000,1.7669166666666667e-05,327528.9166666667,False,False
1612566000000,2021-02-06 00:00:00,0.00001707,0.00001725,0.00001692,0.00001714,75102.00000000,1.7489166666666665e-05,257708.5,False,False
1612569600000,2021-02-06 01:00:00,0.00001713,0.00001713,0.00001593,0.00001611,326166.00000000,1.74275e-05,249555.16666666666,False,False
1612573200000,2021-02-06 02:00:00,0.00001613,0.00001626,0.00001492,0.00001521,531840.00000000,1.7349166666666663e-05,260661.25,False,False
1612576800000,2021-02-06 03:00:00,0.00001521,0.00001552,0.00001470,0.00001528,118605.00000000,1.7205e-05,256003.83333333334,False,False
1612580400000,2021-02-06 04:00:00,0.00001529,0.00001536,0.00001504,0.00001526,52759.00000000,1.704083333333333e-05,233191.41666666666,False,False
1612584000000,2021-02-06 05:00:00,0.00001527,0.00001531,0.00001508,0.00001528,52979.00000000,1.688583333333333e-05,224608.25,False,False
1612587600000,2021-02-06 06:00:00,0.00001527,0.00001528,0.00001479,0.00001492,93256.00000000,1.672916666666667e-05,213907.5,False,False
1612591200000,2021-02-06 07:00:00,0.00001502,0.00001515,0.00001494,0.00001512,22488.00000000,1.653333333333333e-05,196545.0,False,False
1612594800000,2021-02-06 08:00:00,0.00001511,0.00001552,0.00001500,0.00001541,81820.00000000,1.636e-05,186263.91666666666,False,False
1612598400000,2021-02-06 09:00:00,0.00001534,0.00001547,0.00001494,0.00001537,121065.00000000,1.6124166666666667e-05,173260.08333333334,False,False
1612602000000,2021-02-06 10:00:00,0.00001536,0.00001549,0.00001508,0.00001527,151876.00000000,1.5900833333333335e-05,152320.58333333334,False,False
1612605600000,2021-02-06 11:00:00,0.00001535,0.00001573,0.00001503,0.00001509,168998.00000000,1.5789166666666668e-05,149746.16666666666,False,False
1612609200000,2021-02-06 12:00:00,0.00001510,0.00001510,0.00001419,0.00001444,365505.00000000,1.5609999999999998e-05,173946.41666666666,False,False
1612612800000,2021-02-06 13:00:00,0.00001450,0.00001462,0.00001423,0.00001443,176857.00000000,1.540083333333333e-05,161504.0,False,False
1612616400000,2021-02-06 14:00:00,0.00001435,0.00001459,0.00001435,0.00001448,65461.00000000,1.5261666666666667e-05,122639.08333333333,False,False
1612620000000,2021-02-06 15:00:00,0.00001447,0.00001452,0.00001418,0.00001441,116026.00000000,1.5178333333333332e-05,122424.16666666667,False,False
1612623600000,2021-02-06 16:00:00,0.00001451,0.00001456,0.00001432,0.00001433,105345.00000000,1.5111666666666666e-05,126806.33333333333,False,False
1612627200000,2021-02-06 17:00:00,0.00001433,0.00001460,0.00001428,0.00001458,42709.00000000,1.5052499999999999e-05,125950.5,False,False
1612630800000,2021-02-06 18:00:00,0.00001459,0.00001486,0.00001448,0.00001481,91444.00000000,1.5017500000000001e-05,125799.5,False,False
1612634400000,2021-02-06 19:00:00,0.00001481,0.00001499,0.00001472,0.00001492,51208.00000000,1.5004166666666668e-05,128192.83333333333,False,False
1612638000000,2021-02-06 20:00:00,0.00001496,0.00001528,0.00001492,0.00001492,63987.00000000,1.4984166666666666e-05,126706.75,False,False
1612641600000,2021-02-06 21:00:00,0.00001500,0.00001515,0.00001477,0.00001477,27771.00000000,1.4957499999999999e-05,118932.25,False,False
1612645200000,2021-02-06 22:00:00,0.00001476,0.00001499,0.00001465,0.00001493,30527.00000000,1.4915833333333332e-05,108819.83333333333,False,False
1612648800000,2021-02-06 23:00:00,0.00001496,0.00001521,0.00001490,0.00001503,46746.00000000,1.4872499999999999e-05,98632.16666666667,False,False
1612652400000,2021-02-07 00:00:00,0.00001509,0.00001528,0.00001495,0.00001518,37671.00000000,1.4887500000000001e-05,71312.66666666667,False,False
1612656000000,2021-02-07 01:00:00,0.00001524,0.00001738,0.00001496,0.00001563,832503.00000000,1.51175e-05,125949.83333333333,False,True
1612659600000,2021-02-07 02:00:00,0.00001565,0.00001574,0.00001524,0.00001531,73260.00000000,1.5213333333333337e-05,126599.75,False,False
1612663200000,2021-02-07 03:00:00,0.00001531,0.00001534,0.00001472,0.00001502,122436.00000000,1.528166666666667e-05,127133.91666666667,False,False
1612666800000,2021-02-07 04:00:00,0.00001502,0.00001507,0.00001478,0.00001482,66066.00000000,1.5324166666666668e-05,123860.66666666667,False,False
1612670400000,2021-02-07 05:00:00,0.00001483,0.00001504,0.00001450,0.00001459,70950.00000000,1.5360833333333334e-05,126214.08333333333,False,False
1612674000000,2021-02-07 06:00:00,0.00001460,0.00001472,0.00001450,0.00001460,37224.00000000,1.5349166666666665e-05,121695.75,False,False
1612677600000,2021-02-07 07:00:00,0.00001463,0.00001481,0.00001460,0.00001470,23769.00000000,1.5334166666666666e-05,119409.16666666667,False,False
1612681200000,2021-02-07 08:00:00,0.00001470,0.00001481,0.00001458,0.00001461,80698.00000000,1.5295e-05,120801.75,False,False
1612684800000,2021-02-07 09:00:00,0.00001465,0.00001471,0.00001460,0.00001460,21334.00000000,1.5258333333333334e-05,120265.33333333333,False,False
1612688400000,2021-02-07 10:00:00,0.00001460,0.00001470,0.00001450,0.00001458,44112.00000000,1.5234166666666669e-05,121397.41666666667,False,False
1612692000000,2021-02-07 11:00:00,0.00001463,0.00001490,0.00001457,0.00001483,95960.00000000,1.5208333333333335e-05,125498.58333333333,False,False
1612695600000,2021-02-07 12:00:00,0.00001484,0.00001497,0.00001463,0.00001481,86425.00000000,1.51825e-05,129561.41666666667,False,False
1612699200000,2021-02-07 13:00:00,0.00001482,0.00001496,0.00001470,0.00001475,85005.00000000,1.4980833333333336e-05,67269.91666666667,False,False
1612702800000,2021-02-07 14:00:00,0.00001475,0.00001517,0.00001472,0.00001500,81014.00000000,1.4933333333333335e-05,67916.08333333333,False,False
1612706400000,2021-02-07 15:00:00,0.00001503,0.00001505,0.00001463,0.00001463,72144.00000000,1.4909166666666668e-05,63725.083333333336,False,False
1612710000000,2021-02-07 16:00:00,0.00001463,0.00001476,0.00001420,0.00001444,115746.00000000,1.4883333333333334e-05,67865.08333333333,False,False
1612713600000,2021-02-07 17:00:00,0.00001438,0.00001452,0.00001418,0.00001428,67301.00000000,1.4839999999999999e-05,67561.0,False,False
1612717200000,2021-02-07 18:00:00,0.00001422,0.00001446,0.00001422,0.00001446,30180.00000000,1.4818333333333333e-05,66974.0,False,False
1612720800000,2021-02-07 19:00:00,0.00001447,0.00001460,0.00001425,0.00001453,41074.00000000,1.4800833333333334e-05,68416.08333333333,False,False
1612724400000,2021-02-07 20:00:00,0.00001453,0.00001468,0.00001439,0.00001462,61118.00000000,1.4789999999999999e-05,66784.41666666667,False,False
1612728000000,2021-02-07 21:00:00,0.00001455,0.00001472,0.00001418,0.00001431,110116.00000000,1.4790833333333332e-05,74182.91666666667,False,False
1612731600000,2021-02-07 22:00:00,0.00001438,0.00001455,0.00001414,0.00001447,65223.00000000,1.4778333333333334e-05,75942.16666666667,False,False
1612735200000,2021-02-07 23:00:00,0.00001442,0.00001445,0.00001427,0.00001435,48578.00000000,1.4740833333333333e-05,71993.66666666667,False,False
1612738800000,2021-02-08 00:00:00,0.00001435,0.00001459,0.00001429,0.00001459,54202.00000000,1.470916666666667e-05,69308.41666666667,False,False
1612742400000,2021-02-08 01:00:00,0.00001453,0.00001514,0.00001446,0.00001456,212599.00000000,1.4724166666666665e-05,79941.25,False,False
1612746000000,2021-02-08 02:00:00,0.00001459,0.00001487,0.00001450,0.00001479,63633.00000000,1.4699166666666668e-05,78492.83333333333,False,False
1612749600000,2021-02-08 03:00:00,0.00001479,0.00001482,0.00001450,0.00001458,62095.00000000,1.468e-05,77655.41666666667,False,False
1612753200000,2021-02-08 04:00:00,0.00001467,0.00001519,0.00001457,0.00001480,98428.00000000,1.4715833333333332e-05,76212.25,False,False
1612756800000,2021-02-08 05:00:00,0.00001480,0.00001487,0.00001459,0.00001480,46876.00000000,1.4745e-05,74510.16666666667,False,False
1612760400000,2021-02-08 06:00:00,0.00001480,0.00001482,0.00001464,0.00001478,25970.00000000,1.4774999999999998e-05,74159.33333333333,False,False
1612764000000,2021-02-08 07:00:00,0.00001475,0.00001485,0.00001462,0.00001468,76756.00000000,1.4795833333333332e-05,77132.83333333333,False,False
1612767600000,2021-02-08 08:00:00,0.00001470,0.00001485,0.00001457,0.00001465,44059.00000000,1.481e-05,75711.25,False,False
1612771200000,2021-02-08 09:00:00,0.00001465,0.00001485,0.00001465,0.00001478,41054.00000000,1.4820833333333334e-05,69956.08333333333,False,False
1612774800000,2021-02-08 10:00:00,0.00001479,0.00001486,0.00001470,0.00001473,32623.00000000,1.4846666666666668e-05,67239.41666666667,False,False
1612778400000,2021-02-08 11:00:00,0.00001473,0.00001484,0.00001457,0.00001466,115758.00000000,1.4879166666666665e-05,72837.75,False,False
1612782000000,2021-02-08 12:00:00,0.00001464,0.00001478,0.00001453,0.00001468,99752.00000000,1.4894999999999999e-05,76633.58333333333,False,False
1612785600000,2021-02-08 13:00:00,0.00001467,0.00001479,0.00001370,0.00001373,96267.00000000,1.4865833333333331e-05,66939.25,False,False
1612789200000,2021-02-08 14:00:00,0.00001373,0.00001376,0.00001300,0.00001331,220695.00000000,1.4773333333333331e-05,80027.75,False,False
1612792800000,2021-02-08 15:00:00,0.00001325,0.00001339,0.00001291,0.00001332,111686.00000000,1.4654166666666668e-05,84160.33333333333,False,False
1612796400000,2021-02-08 16:00:00,0.00001332,0.00001347,0.00001318,0.00001335,60202.00000000,1.4510833333333335e-05,80974.83333333333,False,False
1612800000000,2021-02-08 17:00:00,0.00001333,0.00001355,0.00001319,0.00001335,84143.00000000,1.4400833333333333e-05,84080.41666666667,False,False
1612803600000,2021-02-08 18:00:00,0.00001335,0.00001356,0.00001332,0.00001338,77138.00000000,1.4295833333333333e-05,88344.41666666667,False,False
1612807200000,2021-02-08 19:00:00,0.00001338,0.00001361,0.00001332,0.00001355,173104.00000000,1.4192500000000002e-05,96373.41666666667,False,False
1612810800000,2021-02-08 20:00:00,0.00001360,0.00001362,0.00001354,0.00001355,17794.00000000,1.409e-05,94184.66666666667,False,False
1612814400000,2021-02-08 21:00:00,0.00001357,0.00001380,0.00001340,0.00001340,122452.00000000,1.4002500000000002e-05,100967.83333333333,False,False
1612818000000,2021-02-08 22:00:00,0.00001340,0.00001370,0.00001318,0.00001323,49839.00000000,1.3905833333333337e-05,102402.5,False,False
1612821600000,2021-02-08 23:00:00,0.00001320,0.00001335,0.00001312,0.00001326,63841.00000000,1.3781666666666669e-05,98076.08333333333,False,False
1612825200000,2021-02-09 00:00:00,0.00001325,0.00001325,0.00001252,0.00001276,131610.00000000,1.3654166666666667e-05,100730.91666666667,False,False
1612828800000,2021-02-09 01:00:00,0.00001275,0.00001275,0.00001225,0.00001247,235995.00000000,1.3484166666666667e-05,112374.91666666667,False,False
1612832400000,2021-02-09 02:00:00,0.00001247,0.00001260,0.00001237,0.00001245,75184.00000000,1.33875e-05,100249.0,False,False
1612836000000,2021-02-09 03:00:00,0.00001244,0.00001259,0.00001244,0.00001250,30690.00000000,1.3320833333333335e-05,93499.33333333333,False,False
1612839600000,2021-02-09 04:00:00,0.00001252,0.00001260,0.00001240,0.00001248,26249.00000000,1.3248333333333333e-05,90669.91666666667,False,False
1612843200000,2021-02-09 05:00:00,0.00001248,0.00001254,0.00001243,0.00001243,25130.00000000,1.3164166666666667e-05,85752.16666666667,False,False
1612846800000,2021-02-09 06:00:00,0.00001241,0.00001263,0.00001231,0.00001238,98983.00000000,1.3086666666666666e-05,87572.58333333333,False,False
1612850400000,2021-02-09 07:00:00,0.00001238,0.00001251,0.00001199,0.00001201,92535.00000000,1.2994999999999998e-05,80858.5,False,False
1612854000000,2021-02-09 08:00:00,0.00001204,0.00001227,0.00001200,0.00001210,49756.00000000,1.2882499999999997e-05,83522.0,False,False
1612857600000,2021-02-09 09:00:00,0.00001214,0.00001250,0.00001208,0.00001246,55040.00000000,1.2774166666666665e-05,77904.33333333333,False,False
1612861200000,2021-02-09 10:00:00,0.00001246,0.00001263,0.00001236,0.00001249,59634.00000000,1.2684999999999998e-05,78720.58333333333,False,False
1612864800000,2021-02-09 11:00:00,0.00001252,0.00001268,0.00001249,0.00001256,63148.00000000,1.2629166666666664e-05,78662.83333333333,False,False
1612868400000,2021-02-09 12:00:00,0.00001262,0.00001272,0.00001248,0.00001262,112441.00000000,1.2585e-05,77065.41666666667,False,False
1612872000000,2021-02-09 13:00:00,0.00001262,0.00001287,0.00001253,0.00001272,140936.00000000,1.2595000000000002e-05,69143.83333333333,False,False
1612875600000,2021-02-09 14:00:00,0.00001272,0.00001282,0.00001258,0.00001267,65289.00000000,1.2613333333333335e-05,68319.25,False,False
1612879200000,2021-02-09 15:00:00,0.00001268,0.00001275,0.00001253,0.00001258,46512.00000000,1.2626666666666667e-05,69637.75,False,False
1612882800000,2021-02-09 16:00:00,0.00001259,0.00001275,0.00001245,0.00001263,123363.00000000,1.2639166666666667e-05,77730.58333333333,False,False
1612886400000,2021-02-09 17:00:00,0.00001262,0.00001276,0.00001255,0.00001264,95920.00000000,1.2657500000000004e-05,83629.75,False,False
1612890000000,2021-02-09 18:00:00,0.00001268,0.00001286,0.00001266,0.00001280,43805.00000000,1.2676666666666668e-05,79031.58333333333,False,False
1612893600000,2021-02-09 19:00:00,0.00001280,0.00001285,0.00001255,0.00001272,108162.00000000,1.2705000000000003e-05,80333.83333333333,False,False
1612897200000,2021-02-09 20:00:00,0.00001278,0.00001285,0.00001252,0.00001270,83697.00000000,1.2753333333333334e-05,83162.25,False,False
1612900800000,2021-02-09 21:00:00,0.00001270,0.00001296,0.00001270,0.00001291,89248.00000000,1.2791666666666666e-05,86012.91666666667,False,False
1612904400000,2021-02-09 22:00:00,0.00001288,0.00001309,0.00001271,0.00001284,145097.00000000,1.2830000000000003e-05,93134.83333333333,False,False
1612908000000,2021-02-09 23:00:00,0.00001283,0.00001303,0.00001279,0.00001292,69455.00000000,1.2859166666666667e-05,93660.41666666667,False,False
1612911600000,2021-02-10 00:00:00,0.00001293,0.00001304,0.00001281,0.00001304,203562.00000000,1.2885833333333333e-05,101253.83333333333,False,False
1612915200000,2021-02-10 01:00:00,0.00001304,0.00001325,0.00001282,0.00001322,129527.00000000,1.29175e-05,100303.08333333333,False,False
1612918800000,2021-02-10 02:00:00,0.00001322,0.00001343,0.00001317,0.00001335,65608.00000000,1.2968333333333334e-05,100329.66666666667,False,False
1612922400000,2021-02-10 03:00:00,0.00001337,0.00001361,0.00001316,0.00001356,72186.00000000,1.3040000000000002e-05,102469.16666666667,False,False
1612926000000,2021-02-10 04:00:00,0.00001355,0.00001360,0.00001334,0.00001353,48142.00000000,1.3110833333333335e-05,96200.75,False,False
1612929600000,2021-02-10 05:00:00,0.00001352,0.00001352,0.00001321,0.00001321,35275.00000000,1.3174166666666667e-05,91147.0,False,False
1612933200000,2021-02-10 06:00:00,0.00001321,0.00001328,0.00001316,0.00001323,41130.00000000,1.3209166666666667e-05,90924.08333333333,False,False
1612936800000,2021-02-10 07:00:00,0.00001326,0.00001336,0.00001312,0.00001329,64710.00000000,1.3251666666666667e-05,87303.08333333333,False,False
1612940400000,2021-02-10 08:00:00,0.00001328,0.00001358,0.00001327,0.00001350,45061.00000000,1.3312499999999998e-05,84083.41666666667,False,False
1612944000000,2021-02-10 09:00:00,0.00001351,0.00001380,0.00001337,0.00001353,96965.00000000,1.3382500000000001e-05,84726.5,False,False
1612947600000,2021-02-10 10:00:00,0.00001352,0.00001356,0.00001340,0.00001353,32589.00000000,1.3421666666666667e-05,75350.83333333333,False,False
1612951200000,2021-02-10 11:00:00,0.00001355,0.00001371,0.00001340,0.00001371,91396.00000000,1.3478333333333334e-05,77179.25,False,False
1612954800000,2021-02-10 12:00:00,0.00001371,0.00001437,0.00001351,0.00001370,154230.00000000,1.3589166666666669e-05,73068.25,False,False
1612958400000,2021-02-10 13:00:00,0.00001371,0.00001398,0.00001281,0.00001320,148029.00000000,1.365e-05,74610.08333333333,False,False
1612962000000,2021-02-10 14:00:00,0.00001320,0.00001330,0.00001302,0.00001324,88753.00000000,1.3639166666666668e-05,76538.83333333333,False,False
1612965600000,2021-02-10 15:00:00,0.00001323,0.00001350,0.00001310,0.00001333,87947.00000000,1.3630000000000002e-05,77852.25,False,False
1612969200000,2021-02-10 16:00:00,0.00001329,0.00001329,0.00001301,0.00001311,49977.00000000,1.3604166666666668e-05,78005.16666666667,False,False
1612972800000,2021-02-10 17:00:00,0.00001307,0.00001351,0.00001305,0.00001332,84023.00000000,1.3603333333333334e-05,82067.5,False,False
1612976400000,2021-02-10 18:00:00,0.00001332,0.00001362,0.00001323,0.00001359,113357.00000000,1.3631666666666667e-05,88086.41666666667,False,False
1612980000000,2021-02-10 19:00:00,0.00001359,0.00001369,0.00001350,0.00001359,25082.00000000,1.3659166666666664e-05,84784.08333333333,False,False
1612983600000,2021-02-10 20:00:00,0.00001359,0.00001410,0.00001358,0.00001383,90488.00000000,1.37025e-05,88569.66666666667,False,False
1612987200000,2021-02-10 21:00:00,0.00001376,0.00001444,0.00001374,0.00001390,265709.00000000,1.3755833333333333e-05,102631.66666666667,False,False
1612990800000,2021-02-10 22:00:00,0.00001391,0.00001411,0.00001329,0.00001371,199652.00000000,1.3801666666666667e-05,116553.58333333333,False,False
1612994400000,2021-02-10 23:00:00,0.00001372,0.00001400,0.00001369,0.00001379,78582.00000000,1.3825833333333332e-05,115485.75,False,False
1612998000000,2021-02-11 00:00:00,0.00001383,0.00001429,0.00001376,0.00001413,86848.00000000,1.3819166666666666e-05,109870.58333333333,False,False
1613001600000,2021-02-11 01:00:00,0.00001415,0.00001427,0.00001385,0.00001397,87838.00000000,1.3843333333333335e-05,104854.66666666667,False,False
1613005200000,2021-02-11 02:00:00,0.00001396,0.00001416,0.00001388,0.00001406,49056.00000000,1.3915e-05,101546.58333333333,False,False
1613008800000,2021-02-11 03:00:00,0.00001405,0.00001414,0.00001401,0.00001414,25694.00000000,1.3968333333333333e-05,96358.83333333333,False,False
1613012400000,2021-02-11 04:00:00,0.00001414,0.00001414,0.00001414,0.00001414,0.00000000,1.4039166666666666e-05,92194.08333333333,False,False
1613019600000,2021-02-11 06:00:00,0.00001413,0.00001463,0.00001409,0.00001461,114233.00000000,1.41325e-05,94711.58333333333,False,False
1613023200000,2021-02-11 07:00:00,0.00001461,0.00001475,0.00001454,0.00001460,116779.00000000,1.4226666666666669e-05,94996.75,False,False
1613026800000,2021-02-11 08:00:00,0.00001460,0.00001502,0.00001441,0.00001471,194444.00000000,1.4337500000000001e-05,109110.25,False,False
1613030400000,2021-02-11 09:00:00,0.00001472,0.00001510,0.00001451,0.00001503,207176.00000000,1.4420833333333331e-05,118834.25,False,False
1613034000000,2021-02-11 10:00:00,0.00001500,0.00001519,0.00001494,0.00001506,139323.00000000,1.448333333333333e-05,108302.08333333333,False,False
1613037600000,2021-02-11 11:00:00,0.00001507,0.00001517,0.00001479,0.00001498,124336.00000000,1.4571666666666666e-05,102025.75,False,False
1613041200000,2021-02-11 12:00:00,0.00001488,0.00001491,0.00001443,0.00001456,138307.00000000,1.4647499999999998e-05,107002.83333333333,False,False
1613044800000,2021-02-11 13:00:00,0.00001450,0.00001466,0.00001446,0.00001465,95451.00000000,1.4678333333333337e-05,107719.75,False,False
1613048400000,2021-02-11 14:00:00,0.00001463,0.00001478,0.00001382,0.00001415,184839.00000000,1.4720833333333331e-05,115803.16666666667,False,False
1613052000000,2021-02-11 15:00:00,0.00001414,0.00001431,0.00001406,0.00001409,60724.00000000,1.4733333333333332e-05,116775.5,False,False
1613055600000,2021-02-11 16:00:00,0.00001410,0.00001435,0.00001402,0.00001421,59974.00000000,1.4750833333333333e-05,119632.16666666667,False,False
1613059200000,2021-02-11 17:00:00,0.00001428,0.00001529,0.00001417,0.00001439,207770.00000000,1.4846666666666666e-05,136946.33333333334,False,False
1613062800000,2021-02-11 18:00:00,0.00001433,0.00001477,0.00001427,0.00001473,109291.00000000,1.4858333333333333e-05,136534.5,False,False
1613066400000,2021-02-11 19:00:00,0.00001476,0.00001507,0.00001458,0.00001477,171395.00000000,1.4884999999999999e-05,141085.83333333334,False,False
1613070000000,2021-02-11 20:00:00,0.00001478,0.00001509,0.00001455,0.00001508,79674.00000000,1.4890833333333335e-05,131521.66666666666,False,False
1613073600000,2021-02-11 21:00:00,0.00001500,0.00001532,0.00001466,0.00001514,149784.00000000,1.4909166666666668e-05,126739.0,False,False
1613077200000,2021-02-11 22:00:00,0.00001515,0.00001579,0.00001513,0.00001540,221276.00000000,1.4959166666666666e-05,133568.41666666666,False,False
1613080800000,2021-02-11 23:00:00,0.00001541,0.00001566,0.00001537,0.00001551,106891.00000000,1.5e-05,132114.66666666666,False,False
1613084400000,2021-02-12 00:00:00,0.00001542,0.00001550,0.00001476,0.00001493,157075.00000000,1.5049166666666666e-05,133678.66666666666,False,False
1613088000000,2021-02-12 01:00:00,0.00001491,0.00001569,0.00001489,0.00001531,163541.00000000,1.5134999999999998e-05,139352.83333333334,False,False
1613091600000,2021-02-12 02:00:00,0.00001531,0.00001564,0.00001527,0.00001554,83811.00000000,1.5206666666666666e-05,130933.83333333333,False,False
1613095200000,2021-02-12 03:00:00,0.00001554,0.00001574,0.00001545,0.00001546,127338.00000000,1.5325833333333335e-05,136485.0,False,False
1613098800000,2021-02-12 04:00:00,0.00001546,0.00001548,0.00001515,0.00001529,41579.00000000,1.542e-05,134952.08333333334,False,False
1613102400000,2021-02-12 05:00:00,0.00001530,0.00001532,0.00001460,0.00001480,117051.00000000,1.54225e-05,127392.16666666667,False,False
1613106000000,2021-02-12 06:00:00,0.00001473,0.00001534,0.00001468,0.00001506,154609.00000000,1.5470000000000003e-05,131168.66666666666,False,False
1613109600000,2021-02-12 07:00:00,0.00001506,0.00001530,0.00001476,0.00001524,98825.00000000,1.5489166666666667e-05,125121.16666666667,False,False
1613113200000,2021-02-12 08:00:00,0.00001524,0.00001565,0.00001517,0.00001536,101625.00000000,1.553583333333333e-05,126950.41666666667,False,False
1613116800000,2021-02-12 09:00:00,0.00001536,0.00001571,0.00001529,0.00001552,112608.00000000,1.5568333333333335e-05,123852.41666666667,False,False
1613120400000,2021-02-12 10:00:00,0.00001553,0.00001598,0.00001535,0.00001555,137761.00000000,1.5584166666666666e-05,116892.83333333333,False,False
1613124000000,2021-02-12 11:00:00,0.00001555,0.00001577,0.00001550,0.00001563,100160.00000000,1.5593333333333332e-05,116331.91666666667,False,False
1613127600000,2021-02-12 12:00:00,0.00001563,0.00001574,0.00001552,0.00001573,93782.00000000,1.5613333333333332e-05,111057.5,False,False
1613131200000,2021-02-12 13:00:00,0.00001573,0.00001579,0.00001555,0.00001571,59492.00000000,1.5621666666666666e-05,102386.75,False,False
1613134800000,2021-02-12 14:00:00,0.00001571,0.00001598,0.00001567,0.00001581,125585.00000000,1.5649999999999998e-05,105867.91666666667,False,False
1613138400000,2021-02-12 15:00:00,0.00001580,0.00001595,0.00001511,0.00001523,314123.00000000,1.5667500000000002e-05,121433.33333333333,False,False
1613142000000,2021-02-12 16:00:00,0.00001525,0.00001559,0.00001515,0.00001552,112548.00000000,1.567666666666667e-05,127347.41666666667,False,False
1613145600000,2021-02-12 17:00:00,0.00001553,0.00001575,0.00001544,0.00001567,45688.00000000,1.57125e-05,121400.5,False,False
1613149200000,2021-02-12 18:00:00,0.00001568,0.00001569,0.00001537,0.00001547,71417.00000000,1.574166666666667e-05,114467.83333333333,False,False
1613152800000,2021-02-12 19:00:00,0.00001540,0.00001549,0.00001530,0.00001544,60632.00000000,1.5757500000000003e-05,111285.08333333333,False,False
1613156400000,2021-02-12 20:00:00,0.00001541,0.00001566,0.00001534,0.00001556,37195.00000000,1.5758333333333335e-05,105915.91666666667,False,False
1613160000000,2021-02-12 21:00:00,0.00001556,0.00001611,0.00001555,0.00001605,152019.00000000,1.579166666666667e-05,109200.16666666667,False,False
1613163600000,2021-02-12 22:00:00,0.00001605,0.00001616,0.00001573,0.00001586,95754.00000000,1.580666666666667e-05,105699.58333333333,False,False
1613167200000,2021-02-12 23:00:00,0.00001586,0.00001642,0.00001578,0.00001637,178750.00000000,1.5860833333333336e-05,112248.75,False,False
1613170800000,2021-02-13 00:00:00,0.00001640,0.00001643,0.00001600,0.00001600,144670.00000000,1.5918333333333336e-05,116489.41666666667,False,False
1613174400000,2021-02-13 01:00:00,0.00001604,0.00001626,0.00001601,0.00001626,14268.00000000,1.5957500000000004e-05,112720.75,False,False
